trip_id,departure_time,trip_time,score
11119418-BPPA6-BP_A6-Weekday-10,15:21:00,40,0
11119483-BPPA6-BP_A6-Weekday-10,23:15:00,31,-9
11119501-BPPA6-BP_A6-Weekday-10,01:35:00,30,-10
11119507-BPPA6-BP_A6-Weekday-10,07:32:00,44,4
11119514-BPPA6-BP_A6-Weekday-10,04:35:00,31,-9
11119516-BPPA6-BP_A6-Weekday-10,05:55:00,38,-2
11119518-BPPA6-BP_A6-Weekday-10,07:14:00,44,4
11119549-BPPA6-BP_A6-Weekday-10,06:40:00,41,1
11119551-BPPA6-BP_A6-Weekday-10,05:45:00,38,-2
11119559-BPPA6-BP_A6-Weekday-10,06:56:00,43,3
11119561-BPPA6-BP_A6-Weekday-10,06:05:00,38,-2
11119567-BPPA6-BP_A6-Weekday-10,06:15:00,38,-2
11119573-BPPA6-BP_A6-Weekday-10,06:25:00,39,-1
11119575-BPPA6-BP_A6-Weekday-10,07:38:00,44,4
11119579-BPPA6-BP_A6-Weekday-10,10:18:00,39,-1
11119581-BPPA6-BP_A6-Weekday-10,11:55:00,39,-1
11119588-BPPA6-BP_A6-Weekday-10,06:35:00,41,1
11119590-BPPA6-BP_A6-Weekday-10,07:50:00,44,4
11119592-BPPA6-BP_A6-Weekday-10,09:32:00,39,-1
11119594-BPPA6-BP_A6-Weekday-10,11:10:00,39,-1
11119596-BPPA6-BP_A6-Weekday-10,12:47:00,39,-1
11119598-BPPA6-BP_A6-Weekday-10,14:25:00,39,-1
11119607-BPPA6-BP_A6-Weekday-10,07:44:00,44,4
11119609-BPPA6-BP_A6-Weekday-10,09:12:00,39,-1
11119631-BPPA6-BP_A6-Weekday-10,06:45:00,41,1
11119637-BPPA6-BP_A6-Weekday-10,07:56:00,44,4
11119641-BPPA6-BP_A6-Weekday-10,10:50:00,39,-1
11119643-BPPA6-BP_A6-Weekday-10,12:28:00,39,-1
11119645-BPPA6-BP_A6-Weekday-10,14:05:00,39,-1
11119649-BPPA6-BP_A6-Weekday-10,06:53:00,43,3
11119651-BPPA6-BP_A6-Weekday-10,08:32:00,43,3
11119653-BPPA6-BP_A6-Weekday-10,10:11:00,39,-1
11119655-BPPA6-BP_A6-Weekday-10,11:49:00,39,-1
11119657-BPPA6-BP_A6-Weekday-10,13:26:00,39,-1
11119659-BPPA6-BP_A6-Weekday-10,15:03:00,40,0
11119663-BPPA6-BP_A6-Weekday-10,17:30:00,40,0
11119673-BPPA6-BP_A6-Weekday-10,11:29:00,39,-1
11119675-BPPA6-BP_A6-Weekday-10,13:07:00,39,-1
11119677-BPPA6-BP_A6-Weekday-10,14:50:00,40,0
11119699-BPPA6-BP_A6-Weekday-10,09:22:00,39,-1
11119701-BPPA6-BP_A6-Weekday-10,10:57:00,39,-1
11119703-BPPA6-BP_A6-Weekday-10,12:34:00,39,-1
11119705-BPPA6-BP_A6-Weekday-10,14:12:00,39,-1
11119709-BPPA6-BP_A6-Weekday-10,06:59:00,43,3
11119711-BPPA6-BP_A6-Weekday-10,08:16:00,44,4
11119715-BPPA6-BP_A6-Weekday-10,10:31:00,39,-1
11119717-BPPA6-BP_A6-Weekday-10,12:08:00,39,-1
11119719-BPPA6-BP_A6-Weekday-10,13:46:00,39,-1
11119731-BPPA6-BP_A6-Weekday-10,07:05:00,44,4
11119733-BPPA6-BP_A6-Weekday-10,08:42:00,43,3
11119745-BPPA6-BP_A6-Weekday-10,16:30:00,40,0
11119749-BPPA6-BP_A6-Weekday-10,19:30:00,37,-3
11119755-BPPA6-BP_A6-Weekday-10,07:08:00,44,4
11119757-BPPA6-BP_A6-Weekday-10,08:24:00,43,3
11119759-BPPA6-BP_A6-Weekday-10,09:58:00,39,-1
11119761-BPPA6-BP_A6-Weekday-10,11:36:00,39,-1
11119763-BPPA6-BP_A6-Weekday-10,13:13:00,39,-1
11119765-BPPA6-BP_A6-Weekday-10,14:43:00,40,0
11119769-BPPA6-BP_A6-Weekday-10,07:17:00,44,4
11119782-BPPA6-BP_A6-Weekday-10,07:20:00,44,4
11119784-BPPA6-BP_A6-Weekday-10,09:02:00,39,-1
11119794-BPPA6-BP_A6-Weekday-10,15:53:00,40,0
11119796-BPPA6-BP_A6-Weekday-10,18:00:00,40,0
11119800-BPPA6-BP_A6-Weekday-10,20:25:00,35,-5
11119810-BPPA6-BP_A6-Weekday-10,09:42:00,39,-1
11119812-BPPA6-BP_A6-Weekday-10,11:16:00,39,-1
11119814-BPPA6-BP_A6-Weekday-10,12:54:00,39,-1
11119816-BPPA6-BP_A6-Weekday-10,14:30:00,40,0
11119822-BPPA6-BP_A6-Weekday-10,18:15:00,40,0
11119828-BPPA6-BP_A6-Weekday-10,24:40:00,,
11119836-BPPA6-BP_A6-Weekday-10,13:33:00,39,-1
11119838-BPPA6-BP_A6-Weekday-10,15:09:00,40,0
11119840-BPPA6-BP_A6-Weekday-10,16:45:00,40,0
11119854-BPPA6-BP_A6-Weekday-10,19:15:00,38,-2
11119873-BPPA6-BP_A6-Weekday-10,17:00:00,40,0
11119875-BPPA6-BP_A6-Weekday-10,19:00:00,39,-1
11119879-BPPA6-BP_A6-Weekday-10,21:25:00,33,-7
11119881-BPPA6-BP_A6-Weekday-10,22:50:00,31,-9
11119898-BPPA6-BP_A6-Weekday-10,15:39:00,40,0
11119900-BPPA6-BP_A6-Weekday-10,17:15:00,40,0
11119904-BPPA6-BP_A6-Weekday-10,19:45:00,37,-3
11119925-BPPA6-BP_A6-Weekday-10,21:05:00,33,-7
11119938-BPPA6-BP_A6-Weekday-10,16:15:00,40,0
11119981-BPPA6-BP_A6-Weekday-10,18:30:00,40,0
11119999-BPPA6-BP_A6-Weekday-10,20:05:00,35,-5
11120001-BPPA6-BP_A6-Weekday-10,21:45:00,33,-7
11120016-BPPA6-BP_A6-Weekday-10,18:45:00,40,0
11120022-BPPA6-BP_A6-Weekday-10,22:25:00,33,-7
11120024-BPPA6-BP_A6-Weekday-10,24:10:00,31,-9
11120031-BPPA6-BP_A6-Weekday-10,20:45:00,34,-6
11120033-BPPA6-BP_A6-Weekday-10,22:05:00,33,-7
11120101-BPPA6-BP_A6-Weekday-10,07:26:00,44,4
11120231-BPPA6-BP_A6-Weekday-10,05:30:00,38,-2
11120235-BPPA6-BP_A6-Weekday-10,05:05:00,38,-2
11120247-BPPA6-BP_A6-Weekday-10,06:30:00,40,0
11120249-BPPA6-BP_A6-Weekday-10,08:02:00,44,4
11120276-BPPA6-BP_A6-Weekday-10,07:11:00,44,4
11120278-BPPA6-BP_A6-Weekday-10,08:52:00,42,2
11120336-BPPA6-BP_A6-Weekday-10,03:35:00,30,-10
11120344-BPPA6-BP_A6-Weekday-10,02:35:00,30,-10
11120348-BPPA6-BP_A6-Weekday-10,06:20:00,38,-2
11120373-BPPA6-BP_A6-Weekday-10,06:10:00,38,-2
11120391-BPPA6-BP_A6-Weekday-10,17:45:00,40,0
11120406-BPPA6-BP_A6-Weekday-10,06:50:00,43,3
11120414-BPPA6-BP_A6-Weekday-10,07:02:00,44,4
11120436-BPPA6-BP_A6-Weekday-10,13:52:00,39,-1
11120440-BPPA6-BP_A6-Weekday-10,08:08:00,44,4
11120442-BPPA6-BP_A6-Weekday-10,09:52:00,39,-1
11120494-BPPA6-BP_A6-Weekday-10,10:37:00,39,-1
11120496-BPPA6-BP_A6-Weekday-10,12:15:00,39,-1
11120573-BPPA6-BP_A6-Weekday-10,23:40:00,31,-9
11131310-BPPA6-BP_H6-Weekday-20,08:50:00,42,2
11131349-BPPA6-BP_H6-Weekday-20,06:03:00,38,-2
11131371-BPPA6-BP_H6-Weekday-20,06:10:00,38,-2
11131408-BPPA6-BP_H6-Weekday-20,06:38:00,41,1
11131450-BPPA6-BP_H6-Weekday-20,21:51:00,33,-7
11131548-BPPA6-BP_H6-Weekday-20,23:22:00,31,-9
11131558-BPPA6-BP_H6-Weekday-20,05:20:00,38,-2
11131560-BPPA6-BP_H6-Weekday-20,06:49:00,43,3
11131567-BPPA6-BP_H6-Weekday-20,07:20:00,44,4
11131575-BPPA6-BP_H6-Weekday-20,14:57:00,40,0
11131579-BPPA6-BP_H6-Weekday-20,17:24:00,40,0
11131590-BPPA6-BP_H6-Weekday-20,10:11:00,39,-1
11131592-BPPA6-BP_H6-Weekday-20,12:03:00,39,-1
11131604-BPPA6-BP_H6-Weekday-20,06:30:00,40,0
11131606-BPPA6-BP_H6-Weekday-20,08:06:00,44,4
11131612-BPPA6-BP_H6-Weekday-20,08:35:00,43,3
11131616-BPPA6-BP_H6-Weekday-20,12:17:00,39,-1
11131618-BPPA6-BP_H6-Weekday-20,13:51:00,39,-1
11131630-BPPA6-BP_H6-Weekday-20,06:57:00,43,3
11131636-BPPA6-BP_H6-Weekday-20,11:56:00,39,-1
11131638-BPPA6-BP_H6-Weekday-20,13:31:00,39,-1
11131651-BPPA6-BP_H6-Weekday-20,10:53:00,39,-1
11131653-BPPA6-BP_H6-Weekday-20,12:24:00,39,-1
11131664-BPPA6-BP_H6-Weekday-20,09:13:00,39,-1
11131666-BPPA6-BP_H6-Weekday-20,10:39:00,39,-1
11131674-BPPA6-BP_H6-Weekday-20,17:03:00,40,0
11131683-BPPA6-BP_H6-Weekday-20,09:28:00,39,-1
11131691-BPPA6-BP_H6-Weekday-20,15:53:00,40,0
11131698-BPPA6-BP_H6-Weekday-20,08:30:00,43,3
11131707-BPPA6-BP_H6-Weekday-20,09:57:00,39,-1
11131709-BPPA6-BP_H6-Weekday-20,11:21:00,39,-1
11131736-BPPA6-BP_H6-Weekday-20,18:09:00,40,0
11131749-BPPA6-BP_H6-Weekday-20,13:01:00,39,-1
11131763-BPPA6-BP_H6-Weekday-20,11:00:00,39,-1
11131767-BPPA6-BP_H6-Weekday-20,13:37:00,39,-1
11131778-BPPA6-BP_H6-Weekday-20,09:01:00,39,-1
11131780-BPPA6-BP_H6-Weekday-20,10:32:00,39,-1
11131792-BPPA6-BP_H6-Weekday-20,18:29:00,40,0
11131796-BPPA6-BP_H6-Weekday-20,22:31:00,32,-8
11131798-BPPA6-BP_H6-Weekday-20,24:22:00,31,-9
11131803-BPPA6-BP_H6-Weekday-20,09:09:00,39,-1
11131809-BPPA6-BP_H6-Weekday-20,14:12:00,39,-1
11131813-BPPA6-BP_H6-Weekday-20,16:35:00,40,0
11131819-BPPA6-BP_H6-Weekday-20,10:18:00,39,-1
11131821-BPPA6-BP_H6-Weekday-20,11:42:00,39,-1
11131831-BPPA6-BP_H6-Weekday-20,08:18:00,44,4
11131835-BPPA6-BP_H6-Weekday-20,11:14:00,39,-1
11131837-BPPA6-BP_H6-Weekday-20,12:55:00,39,-1
11131839-BPPA6-BP_H6-Weekday-20,14:32:00,40,0
11131870-BPPA6-BP_H6-Weekday-20,09:50:00,39,-1
11131874-BPPA6-BP_H6-Weekday-20,12:43:00,39,-1
11131881-BPPA6-BP_H6-Weekday-20,12:31:00,39,-1
11131883-BPPA6-BP_H6-Weekday-20,13:58:00,39,-1
11131885-BPPA6-BP_H6-Weekday-20,15:39:00,40,0
11131891-BPPA6-BP_H6-Weekday-20,21:31:00,33,-7
11131896-BPPA6-BP_H6-Weekday-20,14:39:00,40,0
11131898-BPPA6-BP_H6-Weekday-20,16:21:00,40,0
11131903-BPPA6-BP_H6-Weekday-20,14:51:00,40,0
11131907-BPPA6-BP_H6-Weekday-20,17:53:00,40,0
11131921-BPPA6-BP_H6-Weekday-20,15:21:00,40,0
11131938-BPPA6-BP_H6-Weekday-20,17:17:00,40,0
11131950-BPPA6-BP_H6-Weekday-20,19:09:00,38,-2
11131963-BPPA6-BP_H6-Weekday-20,19:49:00,37,-3
11131967-BPPA6-BP_H6-Weekday-20,23:52:00,31,-9
11131970-BPPA6-BP_H6-Weekday-20,16:00:00,40,0
11131972-BPPA6-BP_H6-Weekday-20,17:38:00,40,0
11131979-BPPA6-BP_H6-Weekday-20,19:29:00,37,-3
11131981-BPPA6-BP_H6-Weekday-20,20:51:00,33,-7
11131993-BPPA6-BP_H6-Weekday-20,13:13:00,39,-1
11132019-BPPA6-BP_H6-Weekday-20,15:15:00,40,0
11132021-BPPA6-BP_H6-Weekday-20,16:56:00,40,0
11132046-BPPA6-BP_H6-Weekday-20,21:11:00,33,-7
11132067-BPPA6-BP_H6-Weekday-20,07:51:00,44,4
11132086-BPPA6-BP_H6-Weekday-20,22:52:00,31,-9
11132098-BPPA6-BP_H6-Weekday-20,07:42:00,44,4
11132130-BPPA6-BP_H6-Weekday-20,20:11:00,35,-5
11132156-BPPA6-BP_H6-Weekday-20,14:19:00,39,-1
11132168-BPPA6-BP_H6-Weekday-20,13:19:00,39,-1
11132188-BPPA6-BP_H6-Weekday-20,11:35:00,39,-1
11132220-BPPA6-BP_H6-Weekday-20,07:57:00,44,4
11132222-BPPA6-BP_H6-Weekday-20,09:35:00,39,-1
11132239-BPPA6-BP_H6-Weekday-20,15:09:00,40,0
11132241-BPPA6-BP_H6-Weekday-20,16:42:00,40,0
11132263-BPPA6-BP_H6-Weekday-20,18:49:00,40,0
11132287-BPPA6-BP_H6-Weekday-20,22:11:00,33,-7
11132294-BPPA6-BP_H6-Weekday-20,20:31:00,35,-5
11132352-BPPA6-BP_H6-Weekday-20,03:35:00,30,-10
11132360-BPPA6-BP_H6-Weekday-20,01:35:00,30,-10
11132366-BPPA6-BP_H6-Weekday-20,07:32:00,44,4
11132373-BPPA6-BP_H6-Weekday-20,04:35:00,31,-9
11132375-BPPA6-BP_H6-Weekday-20,05:49:00,38,-2
11132377-BPPA6-BP_H6-Weekday-20,07:12:00,44,4
11132383-BPPA6-BP_H6-Weekday-20,02:35:00,30,-10
11132387-BPPA6-BP_H6-Weekday-20,06:22:00,38,-2
11119418-BPPA6-BP_A6-Weekday-10-SDon,15:21:00,40,0
11119483-BPPA6-BP_A6-Weekday-10-SDon,23:15:00,31,-9
11119501-BPPA6-BP_A6-Weekday-10-SDon,01:35:00,30,-10
11119507-BPPA6-BP_A6-Weekday-10-SDon,07:32:00,44,4
11119514-BPPA6-BP_A6-Weekday-10-SDon,04:35:00,31,-9
11119516-BPPA6-BP_A6-Weekday-10-SDon,05:55:00,38,-2
11119518-BPPA6-BP_A6-Weekday-10-SDon,07:14:00,44,4
11119549-BPPA6-BP_A6-Weekday-10-SDon,06:40:00,41,1
11119551-BPPA6-BP_A6-Weekday-10-SDon,05:45:00,38,-2
11119559-BPPA6-BP_A6-Weekday-10-SDon,06:56:00,43,3
11119561-BPPA6-BP_A6-Weekday-10-SDon,06:05:00,38,-2
11119567-BPPA6-BP_A6-Weekday-10-SDon,06:15:00,38,-2
11119573-BPPA6-BP_A6-Weekday-10-SDon,06:25:00,39,-1
11119575-BPPA6-BP_A6-Weekday-10-SDon,07:38:00,44,4
11119579-BPPA6-BP_A6-Weekday-10-SDon,10:18:00,39,-1
11119581-BPPA6-BP_A6-Weekday-10-SDon,11:55:00,39,-1
11119588-BPPA6-BP_A6-Weekday-10-SDon,06:35:00,41,1
11119590-BPPA6-BP_A6-Weekday-10-SDon,07:50:00,44,4
11119592-BPPA6-BP_A6-Weekday-10-SDon,09:32:00,39,-1
11119594-BPPA6-BP_A6-Weekday-10-SDon,11:10:00,39,-1
11119596-BPPA6-BP_A6-Weekday-10-SDon,12:47:00,39,-1
11119598-BPPA6-BP_A6-Weekday-10-SDon,14:25:00,39,-1
11119607-BPPA6-BP_A6-Weekday-10-SDon,07:44:00,44,4
11119609-BPPA6-BP_A6-Weekday-10-SDon,09:12:00,39,-1
11119631-BPPA6-BP_A6-Weekday-10-SDon,06:45:00,41,1
11119637-BPPA6-BP_A6-Weekday-10-SDon,07:56:00,44,4
11119641-BPPA6-BP_A6-Weekday-10-SDon,10:50:00,39,-1
11119643-BPPA6-BP_A6-Weekday-10-SDon,12:28:00,39,-1
11119645-BPPA6-BP_A6-Weekday-10-SDon,14:05:00,39,-1
11119649-BPPA6-BP_A6-Weekday-10-SDon,06:53:00,43,3
11119651-BPPA6-BP_A6-Weekday-10-SDon,08:32:00,43,3
11119653-BPPA6-BP_A6-Weekday-10-SDon,10:11:00,39,-1
11119655-BPPA6-BP_A6-Weekday-10-SDon,11:49:00,39,-1
11119657-BPPA6-BP_A6-Weekday-10-SDon,13:26:00,39,-1
11119659-BPPA6-BP_A6-Weekday-10-SDon,15:03:00,40,0
11119663-BPPA6-BP_A6-Weekday-10-SDon,17:30:00,40,0
11119673-BPPA6-BP_A6-Weekday-10-SDon,11:29:00,39,-1
11119675-BPPA6-BP_A6-Weekday-10-SDon,13:07:00,39,-1
11119677-BPPA6-BP_A6-Weekday-10-SDon,14:50:00,40,0
11119699-BPPA6-BP_A6-Weekday-10-SDon,09:22:00,39,-1
11119701-BPPA6-BP_A6-Weekday-10-SDon,10:57:00,39,-1
11119703-BPPA6-BP_A6-Weekday-10-SDon,12:34:00,39,-1
11119705-BPPA6-BP_A6-Weekday-10-SDon,14:12:00,39,-1
11119709-BPPA6-BP_A6-Weekday-10-SDon,06:59:00,43,3
11119711-BPPA6-BP_A6-Weekday-10-SDon,08:16:00,44,4
11119715-BPPA6-BP_A6-Weekday-10-SDon,10:31:00,39,-1
11119717-BPPA6-BP_A6-Weekday-10-SDon,12:08:00,39,-1
11119719-BPPA6-BP_A6-Weekday-10-SDon,13:46:00,39,-1
11119731-BPPA6-BP_A6-Weekday-10-SDon,07:05:00,44,4
11119733-BPPA6-BP_A6-Weekday-10-SDon,08:42:00,43,3
11119745-BPPA6-BP_A6-Weekday-10-SDon,16:30:00,40,0
11119749-BPPA6-BP_A6-Weekday-10-SDon,19:30:00,37,-3
11119755-BPPA6-BP_A6-Weekday-10-SDon,07:08:00,44,4
11119757-BPPA6-BP_A6-Weekday-10-SDon,08:24:00,43,3
11119759-BPPA6-BP_A6-Weekday-10-SDon,09:58:00,39,-1
11119761-BPPA6-BP_A6-Weekday-10-SDon,11:36:00,39,-1
11119763-BPPA6-BP_A6-Weekday-10-SDon,13:13:00,39,-1
11119765-BPPA6-BP_A6-Weekday-10-SDon,14:43:00,40,0
11119769-BPPA6-BP_A6-Weekday-10-SDon,07:17:00,44,4
11119782-BPPA6-BP_A6-Weekday-10-SDon,07:20:00,44,4
11119784-BPPA6-BP_A6-Weekday-10-SDon,09:02:00,39,-1
11119794-BPPA6-BP_A6-Weekday-10-SDon,15:53:00,40,0
11119796-BPPA6-BP_A6-Weekday-10-SDon,18:00:00,40,0
11119800-BPPA6-BP_A6-Weekday-10-SDon,20:25:00,35,-5
11119810-BPPA6-BP_A6-Weekday-10-SDon,09:42:00,39,-1
11119812-BPPA6-BP_A6-Weekday-10-SDon,11:16:00,39,-1
11119814-BPPA6-BP_A6-Weekday-10-SDon,12:54:00,39,-1
11119816-BPPA6-BP_A6-Weekday-10-SDon,14:30:00,40,0
11119822-BPPA6-BP_A6-Weekday-10-SDon,18:15:00,40,0
11119828-BPPA6-BP_A6-Weekday-10-SDon,24:40:00,,
11119836-BPPA6-BP_A6-Weekday-10-SDon,13:33:00,39,-1
11119838-BPPA6-BP_A6-Weekday-10-SDon,15:09:00,40,0
11119840-BPPA6-BP_A6-Weekday-10-SDon,16:45:00,40,0
11119854-BPPA6-BP_A6-Weekday-10-SDon,19:15:00,38,-2
11119873-BPPA6-BP_A6-Weekday-10-SDon,17:00:00,40,0
11119875-BPPA6-BP_A6-Weekday-10-SDon,19:00:00,39,-1
11119879-BPPA6-BP_A6-Weekday-10-SDon,21:25:00,33,-7
11119881-BPPA6-BP_A6-Weekday-10-SDon,22:50:00,31,-9
11119898-BPPA6-BP_A6-Weekday-10-SDon,15:39:00,40,0
11119900-BPPA6-BP_A6-Weekday-10-SDon,17:15:00,40,0
11119904-BPPA6-BP_A6-Weekday-10-SDon,19:45:00,37,-3
11119925-BPPA6-BP_A6-Weekday-10-SDon,21:05:00,33,-7
11119938-BPPA6-BP_A6-Weekday-10-SDon,16:15:00,40,0
11119981-BPPA6-BP_A6-Weekday-10-SDon,18:30:00,40,0
11119999-BPPA6-BP_A6-Weekday-10-SDon,20:05:00,35,-5
11120001-BPPA6-BP_A6-Weekday-10-SDon,21:45:00,33,-7
11120016-BPPA6-BP_A6-Weekday-10-SDon,18:45:00,40,0
11120022-BPPA6-BP_A6-Weekday-10-SDon,22:25:00,33,-7
11120024-BPPA6-BP_A6-Weekday-10-SDon,24:10:00,31,-9
11120031-BPPA6-BP_A6-Weekday-10-SDon,20:45:00,34,-6
11120033-BPPA6-BP_A6-Weekday-10-SDon,22:05:00,33,-7
11120101-BPPA6-BP_A6-Weekday-10-SDon,07:26:00,44,4
11120231-BPPA6-BP_A6-Weekday-10-SDon,05:30:00,38,-2
11120235-BPPA6-BP_A6-Weekday-10-SDon,05:05:00,38,-2
11120247-BPPA6-BP_A6-Weekday-10-SDon,06:30:00,40,0
11120249-BPPA6-BP_A6-Weekday-10-SDon,08:02:00,44,4
11120276-BPPA6-BP_A6-Weekday-10-SDon,07:11:00,44,4
11120278-BPPA6-BP_A6-Weekday-10-SDon,08:52:00,42,2
11120336-BPPA6-BP_A6-Weekday-10-SDon,03:35:00,30,-10
11120344-BPPA6-BP_A6-Weekday-10-SDon,02:35:00,30,-10
11120348-BPPA6-BP_A6-Weekday-10-SDon,06:20:00,38,-2
11120373-BPPA6-BP_A6-Weekday-10-SDon,06:10:00,38,-2
11120391-BPPA6-BP_A6-Weekday-10-SDon,17:45:00,40,0
11120406-BPPA6-BP_A6-Weekday-10-SDon,06:50:00,43,3
11120414-BPPA6-BP_A6-Weekday-10-SDon,07:02:00,44,4
11120436-BPPA6-BP_A6-Weekday-10-SDon,13:52:00,39,-1
11120440-BPPA6-BP_A6-Weekday-10-SDon,08:08:00,44,4
11120442-BPPA6-BP_A6-Weekday-10-SDon,09:52:00,39,-1
11120494-BPPA6-BP_A6-Weekday-10-SDon,10:37:00,39,-1
11120496-BPPA6-BP_A6-Weekday-10-SDon,12:15:00,39,-1
11120573-BPPA6-BP_A6-Weekday-10-SDon,23:40:00,31,-9
11760820-BPPB6-BP_B6-Weekday-10,15:21:00,40,0
11760885-BPPB6-BP_B6-Weekday-10,23:15:00,31,-9
11760903-BPPB6-BP_B6-Weekday-10,01:35:00,30,-10
11760909-BPPB6-BP_B6-Weekday-10,07:32:00,44,4
11760916-BPPB6-BP_B6-Weekday-10,04:35:00,31,-9
11760918-BPPB6-BP_B6-Weekday-10,05:55:00,38,-2
11760920-BPPB6-BP_B6-Weekday-10,07:14:00,44,4
11760951-BPPB6-BP_B6-Weekday-10,06:40:00,41,1
11760953-BPPB6-BP_B6-Weekday-10,05:45:00,38,-2
11760961-BPPB6-BP_B6-Weekday-10,06:56:00,43,3
11760963-BPPB6-BP_B6-Weekday-10,06:05:00,38,-2
11760969-BPPB6-BP_B6-Weekday-10,06:15:00,38,-2
11760975-BPPB6-BP_B6-Weekday-10,06:25:00,39,-1
11760977-BPPB6-BP_B6-Weekday-10,07:38:00,44,4
11760981-BPPB6-BP_B6-Weekday-10,10:18:00,39,-1
11760983-BPPB6-BP_B6-Weekday-10,11:55:00,39,-1
11760990-BPPB6-BP_B6-Weekday-10,06:35:00,41,1
11760992-BPPB6-BP_B6-Weekday-10,07:50:00,44,4
11760994-BPPB6-BP_B6-Weekday-10,09:32:00,39,-1
11760996-BPPB6-BP_B6-Weekday-10,11:10:00,39,-1
11760998-BPPB6-BP_B6-Weekday-10,12:47:00,39,-1
11761000-BPPB6-BP_B6-Weekday-10,14:25:00,39,-1
11761009-BPPB6-BP_B6-Weekday-10,07:44:00,44,4
11761011-BPPB6-BP_B6-Weekday-10,09:12:00,39,-1
11761033-BPPB6-BP_B6-Weekday-10,06:45:00,41,1
11761039-BPPB6-BP_B6-Weekday-10,07:56:00,44,4
11761043-BPPB6-BP_B6-Weekday-10,10:50:00,39,-1
11761045-BPPB6-BP_B6-Weekday-10,12:28:00,39,-1
11761047-BPPB6-BP_B6-Weekday-10,14:05:00,39,-1
11761051-BPPB6-BP_B6-Weekday-10,06:53:00,43,3
11761053-BPPB6-BP_B6-Weekday-10,08:32:00,43,3
11761055-BPPB6-BP_B6-Weekday-10,10:11:00,39,-1
11761057-BPPB6-BP_B6-Weekday-10,11:49:00,39,-1
11761059-BPPB6-BP_B6-Weekday-10,13:26:00,39,-1
11761061-BPPB6-BP_B6-Weekday-10,15:03:00,40,0
11761065-BPPB6-BP_B6-Weekday-10,17:30:00,40,0
11761075-BPPB6-BP_B6-Weekday-10,11:29:00,39,-1
11761077-BPPB6-BP_B6-Weekday-10,13:07:00,39,-1
11761079-BPPB6-BP_B6-Weekday-10,14:50:00,40,0
11761101-BPPB6-BP_B6-Weekday-10,09:22:00,39,-1
11761103-BPPB6-BP_B6-Weekday-10,10:57:00,39,-1
11761105-BPPB6-BP_B6-Weekday-10,12:34:00,39,-1
11761107-BPPB6-BP_B6-Weekday-10,14:12:00,39,-1
11761111-BPPB6-BP_B6-Weekday-10,06:59:00,43,3
11761113-BPPB6-BP_B6-Weekday-10,08:16:00,44,4
11761117-BPPB6-BP_B6-Weekday-10,10:31:00,39,-1
11761119-BPPB6-BP_B6-Weekday-10,12:08:00,39,-1
11761121-BPPB6-BP_B6-Weekday-10,13:46:00,39,-1
11761133-BPPB6-BP_B6-Weekday-10,07:05:00,44,4
11761135-BPPB6-BP_B6-Weekday-10,08:42:00,43,3
11761147-BPPB6-BP_B6-Weekday-10,16:30:00,40,0
11761151-BPPB6-BP_B6-Weekday-10,19:30:00,37,-3
11761157-BPPB6-BP_B6-Weekday-10,07:08:00,44,4
11761159-BPPB6-BP_B6-Weekday-10,08:24:00,43,3
11761161-BPPB6-BP_B6-Weekday-10,09:58:00,39,-1
11761163-BPPB6-BP_B6-Weekday-10,11:36:00,39,-1
11761165-BPPB6-BP_B6-Weekday-10,13:13:00,39,-1
11761167-BPPB6-BP_B6-Weekday-10,14:43:00,40,0
11761170-BPPB6-BP_B6-Weekday-10,07:17:00,44,4
11761183-BPPB6-BP_B6-Weekday-10,07:20:00,44,4
11761185-BPPB6-BP_B6-Weekday-10,09:02:00,39,-1
11761195-BPPB6-BP_B6-Weekday-10,15:53:00,40,0
11761197-BPPB6-BP_B6-Weekday-10,18:00:00,40,0
11761201-BPPB6-BP_B6-Weekday-10,20:25:00,35,-5
11761211-BPPB6-BP_B6-Weekday-10,09:42:00,39,-1
11761213-BPPB6-BP_B6-Weekday-10,11:16:00,39,-1
11761215-BPPB6-BP_B6-Weekday-10,12:54:00,39,-1
11761217-BPPB6-BP_B6-Weekday-10,14:30:00,40,0
11761223-BPPB6-BP_B6-Weekday-10,18:15:00,40,0
11761229-BPPB6-BP_B6-Weekday-10,24:40:00,,
11761237-BPPB6-BP_B6-Weekday-10,13:33:00,39,-1
11761239-BPPB6-BP_B6-Weekday-10,15:09:00,40,0
11761241-BPPB6-BP_B6-Weekday-10,16:45:00,40,0
11761255-BPPB6-BP_B6-Weekday-10,19:15:00,38,-2
11761274-BPPB6-BP_B6-Weekday-10,17:00:00,40,0
11761276-BPPB6-BP_B6-Weekday-10,19:00:00,39,-1
11761280-BPPB6-BP_B6-Weekday-10,21:25:00,33,-7
11761282-BPPB6-BP_B6-Weekday-10,22:50:00,31,-9
11761299-BPPB6-BP_B6-Weekday-10,15:39:00,40,0
11761301-BPPB6-BP_B6-Weekday-10,17:15:00,40,0
11761305-BPPB6-BP_B6-Weekday-10,19:45:00,37,-3
11761326-BPPB6-BP_B6-Weekday-10,21:05:00,33,-7
11761339-BPPB6-BP_B6-Weekday-10,16:15:00,40,0
11761382-BPPB6-BP_B6-Weekday-10,18:30:00,40,0
11761400-BPPB6-BP_B6-Weekday-10,20:05:00,35,-5
11761402-BPPB6-BP_B6-Weekday-10,21:45:00,33,-7
11761417-BPPB6-BP_B6-Weekday-10,18:45:00,40,0
11761423-BPPB6-BP_B6-Weekday-10,22:25:00,33,-7
11761425-BPPB6-BP_B6-Weekday-10,24:10:00,31,-9
11761432-BPPB6-BP_B6-Weekday-10,20:45:00,34,-6
11761434-BPPB6-BP_B6-Weekday-10,22:05:00,33,-7
11761502-BPPB6-BP_B6-Weekday-10,07:26:00,44,4
11761632-BPPB6-BP_B6-Weekday-10,05:30:00,38,-2
11761636-BPPB6-BP_B6-Weekday-10,05:05:00,38,-2
11761648-BPPB6-BP_B6-Weekday-10,06:30:00,40,0
11761650-BPPB6-BP_B6-Weekday-10,08:02:00,44,4
11761677-BPPB6-BP_B6-Weekday-10,07:11:00,44,4
11761679-BPPB6-BP_B6-Weekday-10,08:52:00,42,2
11761737-BPPB6-BP_B6-Weekday-10,03:35:00,30,-10
11761745-BPPB6-BP_B6-Weekday-10,02:35:00,30,-10
11761749-BPPB6-BP_B6-Weekday-10,06:20:00,38,-2
11761774-BPPB6-BP_B6-Weekday-10,06:10:00,38,-2
11761792-BPPB6-BP_B6-Weekday-10,17:45:00,40,0
11761807-BPPB6-BP_B6-Weekday-10,06:50:00,43,3
11761815-BPPB6-BP_B6-Weekday-10,07:02:00,44,4
11761837-BPPB6-BP_B6-Weekday-10,13:52:00,39,-1
11761841-BPPB6-BP_B6-Weekday-10,08:08:00,44,4
11761843-BPPB6-BP_B6-Weekday-10,09:52:00,39,-1
11761895-BPPB6-BP_B6-Weekday-10,10:37:00,39,-1
11761897-BPPB6-BP_B6-Weekday-10,12:15:00,39,-1
11761974-BPPB6-BP_B6-Weekday-10,23:40:00,31,-9
11760820-BPPB6-BP_B6-Weekday-10-SDon,15:21:00,40,0
11760885-BPPB6-BP_B6-Weekday-10-SDon,23:15:00,31,-9
11760903-BPPB6-BP_B6-Weekday-10-SDon,01:35:00,30,-10
11760909-BPPB6-BP_B6-Weekday-10-SDon,07:32:00,44,4
11760916-BPPB6-BP_B6-Weekday-10-SDon,04:35:00,31,-9
11760918-BPPB6-BP_B6-Weekday-10-SDon,05:55:00,38,-2
11760920-BPPB6-BP_B6-Weekday-10-SDon,07:14:00,44,4
11760951-BPPB6-BP_B6-Weekday-10-SDon,06:40:00,41,1
11760953-BPPB6-BP_B6-Weekday-10-SDon,05:45:00,38,-2
11760961-BPPB6-BP_B6-Weekday-10-SDon,06:56:00,43,3
11760963-BPPB6-BP_B6-Weekday-10-SDon,06:05:00,38,-2
11760969-BPPB6-BP_B6-Weekday-10-SDon,06:15:00,38,-2
11760975-BPPB6-BP_B6-Weekday-10-SDon,06:25:00,39,-1
11760977-BPPB6-BP_B6-Weekday-10-SDon,07:38:00,44,4
11760981-BPPB6-BP_B6-Weekday-10-SDon,10:18:00,39,-1
11760983-BPPB6-BP_B6-Weekday-10-SDon,11:55:00,39,-1
11760990-BPPB6-BP_B6-Weekday-10-SDon,06:35:00,41,1
11760992-BPPB6-BP_B6-Weekday-10-SDon,07:50:00,44,4
11760994-BPPB6-BP_B6-Weekday-10-SDon,09:32:00,39,-1
11760996-BPPB6-BP_B6-Weekday-10-SDon,11:10:00,39,-1
11760998-BPPB6-BP_B6-Weekday-10-SDon,12:47:00,39,-1
11761000-BPPB6-BP_B6-Weekday-10-SDon,14:25:00,39,-1
11761009-BPPB6-BP_B6-Weekday-10-SDon,07:44:00,44,4
11761011-BPPB6-BP_B6-Weekday-10-SDon,09:12:00,39,-1
11761033-BPPB6-BP_B6-Weekday-10-SDon,06:45:00,41,1
11761039-BPPB6-BP_B6-Weekday-10-SDon,07:56:00,44,4
11761043-BPPB6-BP_B6-Weekday-10-SDon,10:50:00,39,-1
11761045-BPPB6-BP_B6-Weekday-10-SDon,12:28:00,39,-1
11761047-BPPB6-BP_B6-Weekday-10-SDon,14:05:00,39,-1
11761051-BPPB6-BP_B6-Weekday-10-SDon,06:53:00,43,3
11761053-BPPB6-BP_B6-Weekday-10-SDon,08:32:00,43,3
11761055-BPPB6-BP_B6-Weekday-10-SDon,10:11:00,39,-1
11761057-BPPB6-BP_B6-Weekday-10-SDon,11:49:00,39,-1
11761059-BPPB6-BP_B6-Weekday-10-SDon,13:26:00,39,-1
11761061-BPPB6-BP_B6-Weekday-10-SDon,15:03:00,40,0
11761065-BPPB6-BP_B6-Weekday-10-SDon,17:30:00,40,0
11761075-BPPB6-BP_B6-Weekday-10-SDon,11:29:00,39,-1
11761077-BPPB6-BP_B6-Weekday-10-SDon,13:07:00,39,-1
11761079-BPPB6-BP_B6-Weekday-10-SDon,14:50:00,40,0
11761101-BPPB6-BP_B6-Weekday-10-SDon,09:22:00,39,-1
11761103-BPPB6-BP_B6-Weekday-10-SDon,10:57:00,39,-1
11761105-BPPB6-BP_B6-Weekday-10-SDon,12:34:00,39,-1
11761107-BPPB6-BP_B6-Weekday-10-SDon,14:12:00,39,-1
11761111-BPPB6-BP_B6-Weekday-10-SDon,06:59:00,43,3
11761113-BPPB6-BP_B6-Weekday-10-SDon,08:16:00,44,4
11761117-BPPB6-BP_B6-Weekday-10-SDon,10:31:00,39,-1
11761119-BPPB6-BP_B6-Weekday-10-SDon,12:08:00,39,-1
11761121-BPPB6-BP_B6-Weekday-10-SDon,13:46:00,39,-1
11761133-BPPB6-BP_B6-Weekday-10-SDon,07:05:00,44,4
11761135-BPPB6-BP_B6-Weekday-10-SDon,08:42:00,43,3
11761147-BPPB6-BP_B6-Weekday-10-SDon,16:30:00,40,0
11761151-BPPB6-BP_B6-Weekday-10-SDon,19:30:00,37,-3
11761157-BPPB6-BP_B6-Weekday-10-SDon,07:08:00,44,4
11761159-BPPB6-BP_B6-Weekday-10-SDon,08:24:00,43,3
11761161-BPPB6-BP_B6-Weekday-10-SDon,09:58:00,39,-1
11761163-BPPB6-BP_B6-Weekday-10-SDon,11:36:00,39,-1
11761165-BPPB6-BP_B6-Weekday-10-SDon,13:13:00,39,-1
11761167-BPPB6-BP_B6-Weekday-10-SDon,14:43:00,40,0
11761170-BPPB6-BP_B6-Weekday-10-SDon,07:17:00,44,4
11761183-BPPB6-BP_B6-Weekday-10-SDon,07:20:00,44,4
11761185-BPPB6-BP_B6-Weekday-10-SDon,09:02:00,39,-1
11761195-BPPB6-BP_B6-Weekday-10-SDon,15:53:00,40,0
11761197-BPPB6-BP_B6-Weekday-10-SDon,18:00:00,40,0
11761201-BPPB6-BP_B6-Weekday-10-SDon,20:25:00,35,-5
11761211-BPPB6-BP_B6-Weekday-10-SDon,09:42:00,39,-1
11761213-BPPB6-BP_B6-Weekday-10-SDon,11:16:00,39,-1
11761215-BPPB6-BP_B6-Weekday-10-SDon,12:54:00,39,-1
11761217-BPPB6-BP_B6-Weekday-10-SDon,14:30:00,40,0
11761223-BPPB6-BP_B6-Weekday-10-SDon,18:15:00,40,0
11761229-BPPB6-BP_B6-Weekday-10-SDon,24:40:00,,
11761237-BPPB6-BP_B6-Weekday-10-SDon,13:33:00,39,-1
11761239-BPPB6-BP_B6-Weekday-10-SDon,15:09:00,40,0
11761241-BPPB6-BP_B6-Weekday-10-SDon,16:45:00,40,0
11761255-BPPB6-BP_B6-Weekday-10-SDon,19:15:00,38,-2
11761274-BPPB6-BP_B6-Weekday-10-SDon,17:00:00,40,0
11761276-BPPB6-BP_B6-Weekday-10-SDon,19:00:00,39,-1
11761280-BPPB6-BP_B6-Weekday-10-SDon,21:25:00,33,-7
11761282-BPPB6-BP_B6-Weekday-10-SDon,22:50:00,31,-9
11761299-BPPB6-BP_B6-Weekday-10-SDon,15:39:00,40,0
11761301-BPPB6-BP_B6-Weekday-10-SDon,17:15:00,40,0
11761305-BPPB6-BP_B6-Weekday-10-SDon,19:45:00,37,-3
11761326-BPPB6-BP_B6-Weekday-10-SDon,21:05:00,33,-7
11761339-BPPB6-BP_B6-Weekday-10-SDon,16:15:00,40,0
11761382-BPPB6-BP_B6-Weekday-10-SDon,18:30:00,40,0
11761400-BPPB6-BP_B6-Weekday-10-SDon,20:05:00,35,-5
11761402-BPPB6-BP_B6-Weekday-10-SDon,21:45:00,33,-7
11761417-BPPB6-BP_B6-Weekday-10-SDon,18:45:00,40,0
11761423-BPPB6-BP_B6-Weekday-10-SDon,22:25:00,33,-7
11761425-BPPB6-BP_B6-Weekday-10-SDon,24:10:00,31,-9
11761432-BPPB6-BP_B6-Weekday-10-SDon,20:45:00,34,-6
11761434-BPPB6-BP_B6-Weekday-10-SDon,22:05:00,33,-7
11761502-BPPB6-BP_B6-Weekday-10-SDon,07:26:00,44,4
11761632-BPPB6-BP_B6-Weekday-10-SDon,05:30:00,38,-2
11761636-BPPB6-BP_B6-Weekday-10-SDon,05:05:00,38,-2
11761648-BPPB6-BP_B6-Weekday-10-SDon,06:30:00,40,0
11761650-BPPB6-BP_B6-Weekday-10-SDon,08:02:00,44,4
11761677-BPPB6-BP_B6-Weekday-10-SDon,07:11:00,44,4
11761679-BPPB6-BP_B6-Weekday-10-SDon,08:52:00,42,2
11761737-BPPB6-BP_B6-Weekday-10-SDon,03:35:00,30,-10
11761745-BPPB6-BP_B6-Weekday-10-SDon,02:35:00,30,-10
11761749-BPPB6-BP_B6-Weekday-10-SDon,06:20:00,38,-2
11761774-BPPB6-BP_B6-Weekday-10-SDon,06:10:00,38,-2
11761792-BPPB6-BP_B6-Weekday-10-SDon,17:45:00,40,0
11761807-BPPB6-BP_B6-Weekday-10-SDon,06:50:00,43,3
11761815-BPPB6-BP_B6-Weekday-10-SDon,07:02:00,44,4
11761837-BPPB6-BP_B6-Weekday-10-SDon,13:52:00,39,-1
11761841-BPPB6-BP_B6-Weekday-10-SDon,08:08:00,44,4
11761843-BPPB6-BP_B6-Weekday-10-SDon,09:52:00,39,-1
11761895-BPPB6-BP_B6-Weekday-10-SDon,10:37:00,39,-1
11761897-BPPB6-BP_B6-Weekday-10-SDon,12:15:00,39,-1
11761974-BPPB6-BP_B6-Weekday-10-SDon,23:40:00,31,-9
12718742-BPPC6-BP_C6-Weekday-30,01:35:00,30,-10
12718743-BPPC6-BP_C6-Weekday-30,02:35:00,30,-10
12718744-BPPC6-BP_C6-Weekday-30,03:35:00,30,-10
12718745-BPPC6-BP_C6-Weekday-30,04:35:00,31,-9
12718746-BPPC6-BP_C6-Weekday-30,05:05:00,38,-2
12718747-BPPC6-BP_C6-Weekday-30,05:31:00,38,-2
12718748-BPPC6-BP_C6-Weekday-30,05:44:00,38,-2
12718749-BPPC6-BP_C6-Weekday-30,05:55:00,38,-2
12718750-BPPC6-BP_C6-Weekday-30,06:11:00,38,-2
12718751-BPPC6-BP_C6-Weekday-30,06:19:00,38,-2
12718752-BPPC6-BP_C6-Weekday-30,06:27:00,40,0
12718753-BPPC6-BP_C6-Weekday-30,06:31:00,40,0
12718754-BPPC6-BP_C6-Weekday-30,06:35:00,41,1
12718755-BPPC6-BP_C6-Weekday-30,06:44:00,41,1
12718756-BPPC6-BP_C6-Weekday-30,06:52:00,43,3
12718757-BPPC6-BP_C6-Weekday-30,06:58:00,43,3
12718758-BPPC6-BP_C6-Weekday-30,07:01:00,44,4
12718759-BPPC6-BP_C6-Weekday-30,07:06:00,44,4
12718760-BPPC6-BP_C6-Weekday-30,07:09:00,44,4
12718761-BPPC6-BP_C6-Weekday-30,07:11:00,44,4
12718762-BPPC6-BP_C6-Weekday-30,07:14:00,44,4
12718763-BPPC6-BP_C6-Weekday-30,07:16:00,44,4
12718764-BPPC6-BP_C6-Weekday-30,07:21:00,44,4
12718765-BPPC6-BP_C6-Weekday-30,07:30:00,44,4
12718766-BPPC6-BP_C6-Weekday-30,07:37:00,44,4
12718767-BPPC6-BP_C6-Weekday-30,07:45:00,44,4
12718768-BPPC6-BP_C6-Weekday-30,07:53:00,44,4
12718769-BPPC6-BP_C6-Weekday-30,08:01:00,44,4
12718770-BPPC6-BP_C6-Weekday-30,08:10:00,44,4
12718771-BPPC6-BP_C6-Weekday-30,08:20:00,43,3
12718772-BPPC6-BP_C6-Weekday-30,08:30:00,43,3
12718773-BPPC6-BP_C6-Weekday-30,08:40:00,43,3
12718774-BPPC6-BP_C6-Weekday-30,08:55:00,42,2
12718775-BPPC6-BP_C6-Weekday-30,09:13:00,39,-1
12718776-BPPC6-BP_C6-Weekday-30,09:26:00,39,-1
12718777-BPPC6-BP_C6-Weekday-30,09:39:00,39,-1
12718778-BPPC6-BP_C6-Weekday-30,09:52:00,39,-1
12718779-BPPC6-BP_C6-Weekday-30,10:05:00,39,-1
12718780-BPPC6-BP_C6-Weekday-30,10:13:00,39,-1
12718781-BPPC6-BP_C6-Weekday-30,10:28:00,39,-1
12718782-BPPC6-BP_C6-Weekday-30,10:35:00,39,-1
12718783-BPPC6-BP_C6-Weekday-30,11:05:00,39,-1
12718784-BPPC6-BP_C6-Weekday-30,11:13:00,39,-1
12718785-BPPC6-BP_C6-Weekday-30,11:28:00,39,-1
12718786-BPPC6-BP_C6-Weekday-30,11:35:00,39,-1
12718787-BPPC6-BP_C6-Weekday-30,11:50:00,39,-1
12718788-BPPC6-BP_C6-Weekday-30,11:58:00,39,-1
12718789-BPPC6-BP_C6-Weekday-30,12:20:00,39,-1
12718790-BPPC6-BP_C6-Weekday-30,12:33:00,39,-1
12718791-BPPC6-BP_C6-Weekday-30,12:46:00,39,-1
12718792-BPPC6-BP_C6-Weekday-30,12:53:00,39,-1
12718793-BPPC6-BP_C6-Weekday-30,13:06:00,39,-1
12718794-BPPC6-BP_C6-Weekday-30,13:12:00,39,-1
12718795-BPPC6-BP_C6-Weekday-30,13:25:00,39,-1
12718796-BPPC6-BP_C6-Weekday-30,13:32:00,39,-1
12718797-BPPC6-BP_C6-Weekday-30,14:00:00,39,-1
12718798-BPPC6-BP_C6-Weekday-30,14:08:00,39,-1
12718799-BPPC6-BP_C6-Weekday-30,14:24:00,39,-1
12718800-BPPC6-BP_C6-Weekday-30,14:31:00,40,0
12718801-BPPC6-BP_C6-Weekday-30,14:48:00,40,0
12718802-BPPC6-BP_C6-Weekday-30,14:56:00,40,0
12718803-BPPC6-BP_C6-Weekday-30,15:13:00,40,0
12718804-BPPC6-BP_C6-Weekday-30,15:22:00,40,0
12718805-BPPC6-BP_C6-Weekday-30,15:59:00,40,0
12718806-BPPC6-BP_C6-Weekday-30,16:39:00,40,0
12718807-BPPC6-BP_C6-Weekday-30,16:59:00,40,0
12718808-BPPC6-BP_C6-Weekday-30,17:19:00,40,0
12718809-BPPC6-BP_C6-Weekday-30,17:39:00,40,0
12718810-BPPC6-BP_C6-Weekday-30,17:59:00,40,0
12718811-BPPC6-BP_C6-Weekday-30,18:20:00,40,0
12718812-BPPC6-BP_C6-Weekday-30,18:35:00,40,0
12718813-BPPC6-BP_C6-Weekday-30,18:50:00,40,0
12718814-BPPC6-BP_C6-Weekday-30,19:20:00,37,-3
12718815-BPPC6-BP_C6-Weekday-30,19:40:00,37,-3
12718816-BPPC6-BP_C6-Weekday-30,20:00:00,35,-5
12718817-BPPC6-BP_C6-Weekday-30,20:20:00,35,-5
12718818-BPPC6-BP_C6-Weekday-30,20:40:00,34,-6
12718819-BPPC6-BP_C6-Weekday-30,21:00:00,33,-7
12718820-BPPC6-BP_C6-Weekday-30,21:20:00,33,-7
12718821-BPPC6-BP_C6-Weekday-30,21:40:00,33,-7
12718822-BPPC6-BP_C6-Weekday-30,22:00:00,33,-7
12718823-BPPC6-BP_C6-Weekday-30,22:20:00,33,-7
12718824-BPPC6-BP_C6-Weekday-30,22:45:00,32,-8
12718825-BPPC6-BP_C6-Weekday-30,23:10:00,31,-9
12718826-BPPC6-BP_C6-Weekday-30,23:40:00,31,-9
12718827-BPPC6-BP_C6-Weekday-30,24:10:00,31,-9
12718828-BPPC6-BP_C6-Weekday-30,24:40:00,,
12718868-BPPC6-BP_C6-Weekday-30,14:39:00,40,0
12719513-BPPC6-BP_C6-Weekday-30,07:19:00,44,4
12719514-BPPC6-BP_C6-Weekday-30,08:50:00,42,2
12719516-BPPC6-BP_C6-Weekday-30,10:43:00,39,-1
12719517-BPPC6-BP_C6-Weekday-30,12:13:00,39,-1
12719521-BPPC6-BP_C6-Weekday-30,13:38:00,39,-1
12719522-BPPC6-BP_C6-Weekday-30,05:59:00,38,-2
12719524-BPPC6-BP_C6-Weekday-30,06:07:00,38,-2
12719525-BPPC6-BP_C6-Weekday-30,13:45:00,39,-1
12719526-BPPC6-BP_C6-Weekday-30,12:27:00,39,-1
12719528-BPPC6-BP_C6-Weekday-30,07:27:00,44,4
12719529-BPPC6-BP_C6-Weekday-30,10:58:00,39,-1
12719532-BPPC6-BP_C6-Weekday-30,09:03:00,39,-1
12719543-BPPC6-BP_C6-Weekday-30,19:05:00,38,-2
